smiles_a,smiles_b,label
CC(C)Cc1ccc(cc1)C(C)C(=O)O,c1ccccc1,1
CC(C)Cc1ccc(cc1)C(C)C(=O)O,O=C(O)c1ccccc1O,0
CCN(CC)CC,CC(C)Cc1ccc(cc1)C(C)C(=O)O,1
CC(=O)O,c1ccccc1,1
CC(=O)O,CC(=O)Oc1ccccc1C(=O)O,1
CCO,CN1C=NC2=C1C(=O)N(C(=O)N2C)C,0
CN1C=NC2=C1C(=O)N(C(=O)N2C)C,CC(C)Cc1ccc(cc1)C(C)C(=O)O,1
O=C(O)c1ccccc1O,CN1C=NC2=C1C(=O)N(C(=O)N2C)C,1
c1ccccc1,CC(C)Cc1ccc(cc1)C(C)C(=O)O,0
O=C(O)c1ccccc1O,CC(=O)O,1
CN1C=NC2=C1C(=O)N(C(=O)N2C)C,CC(=O)Oc1ccccc1C(=O)O,1
CN1C=NC2=C1C(=O)N(C(=O)N2C)C,c1ccccc1,0
CC(=O)O,CCO,1
CC(=O)Oc1ccccc1C(=O)O,CC(C)Cc1ccc(cc1)C(C)C(=O)O,1
CN1C=NC2=C1C(=O)N(C(=O)N2C)C,c1ccccc1,1
CC(C)Cc1ccc(cc1)C(C)C(=O)O,CCO,1
CC(=O)O,CC(=O)O,0
CN1C=NC2=C1C(=O)N(C(=O)N2C)C,CC(=O)O,1
c1ccccc1,c1ccccc1,0
CCN(CC)CC,CN1C=NC2=C1C(=O)N(C(=O)N2C)C,0
c1ccccc1,CN1C=NC2=C1C(=O)N(C(=O)N2C)C,1
CC(=O)Oc1ccccc1C(=O)O,CC(C)Cc1ccc(cc1)C(C)C(=O)O,1
CN1C=NC2=C1C(=O)N(C(=O)N2C)C,CN1C=NC2=C1C(=O)N(C(=O)N2C)C,0
CC(C)Cc1ccc(cc1)C(C)C(=O)O,CCN(CC)CC,0
CCO,CCO,0
CC(C)Cc1ccc(cc1)C(C)C(=O)O,CCN(CC)CC,0
CN1C=NC2=C1C(=O)N(C(=O)N2C)C,CC(C)Cc1ccc(cc1)C(C)C(=O)O,0
O=C(O)c1ccccc1O,CN1C=NC2=C1C(=O)N(C(=O)N2C)C,1
CN1C=NC2=C1C(=O)N(C(=O)N2C)C,CC(C)Cc1ccc(cc1)C(C)C(=O)O,0
O=C(O)c1ccccc1O,CCO,1
c1ccccc1,CN1C=NC2=C1C(=O)N(C(=O)N2C)C,1
CC(C)Cc1ccc(cc1)C(C)C(=O)O,CN1C=NC2=C1C(=O)N(C(=O)N2C)C,1
CCN(CC)CC,CC(=O)Oc1ccccc1C(=O)O,1
CC(=O)O,CCO,0
CCN(CC)CC,CC(C)Cc1ccc(cc1)C(C)C(=O)O,0
CCN(CC)CC,CC(C)Cc1ccc(cc1)C(C)C(=O)O,0
CC(=O)Oc1ccccc1C(=O)O,CCO,0
CCO,O=C(O)c1ccccc1O,1
CC(C)Cc1ccc(cc1)C(C)C(=O)O,CC(C)Cc1ccc(cc1)C(C)C(=O)O,1
CN1C=NC2=C1C(=O)N(C(=O)N2C)C,CC(=O)O,0
CC(C)Cc1ccc(cc1)C(C)C(=O)O,CC(C)Cc1ccc(cc1)C(C)C(=O)O,0
CCO,CC(=O)O,1
O=C(O)c1ccccc1O,CN1C=NC2=C1C(=O)N(C(=O)N2C)C,0
CC(C)Cc1ccc(cc1)C(C)C(=O)O,c1ccccc1,1
CCN(CC)CC,CC(C)Cc1ccc(cc1)C(C)C(=O)O,1
CC(C)Cc1ccc(cc1)C(C)C(=O)O,CC(=O)Oc1ccccc1C(=O)O,1
CC(=O)O,CC(C)Cc1ccc(cc1)C(C)C(=O)O,0
CN1C=NC2=C1C(=O)N(C(=O)N2C)C,O=C(O)c1ccccc1O,1
CC(C)Cc1ccc(cc1)C(C)C(=O)O,CC(=O)Oc1ccccc1C(=O)O,0
CC(=O)Oc1ccccc1C(=O)O,O=C(O)c1ccccc1O,1
CN1C=NC2=C1C(=O)N(C(=O)N2C)C,CC(C)Cc1ccc(cc1)C(C)C(=O)O,1
CCN(CC)CC,O=C(O)c1ccccc1O,1
CCO,CCO,0
c1ccccc1,c1ccccc1,1
c1ccccc1,O=C(O)c1ccccc1O,1
O=C(O)c1ccccc1O,CC(=O)O,0
CC(C)Cc1ccc(cc1)C(C)C(=O)O,O=C(O)c1ccccc1O,0
CC(C)Cc1ccc(cc1)C(C)C(=O)O,CCN(CC)CC,0
CC(C)Cc1ccc(cc1)C(C)C(=O)O,CC(=O)O,0
CCO,CN1C=NC2=C1C(=O)N(C(=O)N2C)C,0
CC(C)Cc1ccc(cc1)C(C)C(=O)O,CN1C=NC2=C1C(=O)N(C(=O)N2C)C,1
CC(=O)O,c1ccccc1,1
c1ccccc1,CCN(CC)CC,0
CCO,CCO,0
c1ccccc1,CCO,0
CCN(CC)CC,CCO,1
CCO,CC(=O)O,1
CCN(CC)CC,c1ccccc1,0
CN1C=NC2=C1C(=O)N(C(=O)N2C)C,O=C(O)c1ccccc1O,1
c1ccccc1,CN1C=NC2=C1C(=O)N(C(=O)N2C)C,1
CC(=O)Oc1ccccc1C(=O)O,CC(=O)Oc1ccccc1C(=O)O,0
CC(=O)Oc1ccccc1C(=O)O,O=C(O)c1ccccc1O,1
CC(=O)Oc1ccccc1C(=O)O,O=C(O)c1ccccc1O,0
CC(=O)Oc1ccccc1C(=O)O,O=C(O)c1ccccc1O,1
CN1C=NC2=C1C(=O)N(C(=O)N2C)C,O=C(O)c1ccccc1O,1
CCN(CC)CC,CCN(CC)CC,1
CCN(CC)CC,CCN(CC)CC,1
CN1C=NC2=C1C(=O)N(C(=O)N2C)C,CCO,0
O=C(O)c1ccccc1O,CCN(CC)CC,1
CC(=O)Oc1ccccc1C(=O)O,CCN(CC)CC,0
CN1C=NC2=C1C(=O)N(C(=O)N2C)C,CC(C)Cc1ccc(cc1)C(C)C(=O)O,1
c1ccccc1,CC(=O)Oc1ccccc1C(=O)O,1
CC(=O)Oc1ccccc1C(=O)O,CC(=O)Oc1ccccc1C(=O)O,1
CC(=O)Oc1ccccc1C(=O)O,CC(=O)O,1
CC(C)Cc1ccc(cc1)C(C)C(=O)O,CC(=O)Oc1ccccc1C(=O)O,1
c1ccccc1,c1ccccc1,1
CCN(CC)CC,CCN(CC)CC,0
CC(C)Cc1ccc(cc1)C(C)C(=O)O,CC(=O)Oc1ccccc1C(=O)O,0
O=C(O)c1ccccc1O,CCN(CC)CC,0
c1ccccc1,CC(=O)O,1
CCO,O=C(O)c1ccccc1O,0
CCN(CC)CC,CC(=O)O,0
CC(C)Cc1ccc(cc1)C(C)C(=O)O,O=C(O)c1ccccc1O,1
CC(=O)Oc1ccccc1C(=O)O,c1ccccc1,1
CCO,CC(=O)O,0
CC(=O)O,O=C(O)c1ccccc1O,1
CCO,CN1C=NC2=C1C(=O)N(C(=O)N2C)C,0
CC(=O)O,CC(C)Cc1ccc(cc1)C(C)C(=O)O,0
CC(C)Cc1ccc(cc1)C(C)C(=O)O,CC(=O)Oc1ccccc1C(=O)O,0
CC(C)Cc1ccc(cc1)C(C)C(=O)O,CC(C)Cc1ccc(cc1)C(C)C(=O)O,1
CC(=O)O,CC(=O)O,1
CCN(CC)CC,CC(=O)Oc1ccccc1C(=O)O,0
CCO,CC(=O)Oc1ccccc1C(=O)O,1
CCN(CC)CC,CC(=O)Oc1ccccc1C(=O)O,1
CC(C)Cc1ccc(cc1)C(C)C(=O)O,CC(=O)O,0
CCN(CC)CC,CC(=O)O,1
O=C(O)c1ccccc1O,CCN(CC)CC,1
O=C(O)c1ccccc1O,CC(=O)Oc1ccccc1C(=O)O,1
O=C(O)c1ccccc1O,CC(=O)O,0
O=C(O)c1ccccc1O,O=C(O)c1ccccc1O,1
c1ccccc1,CC(=O)O,0
CC(=O)O,O=C(O)c1ccccc1O,1
CCO,O=C(O)c1ccccc1O,0
O=C(O)c1ccccc1O,O=C(O)c1ccccc1O,1
CCO,c1ccccc1,1
CCO,c1ccccc1,1
CN1C=NC2=C1C(=O)N(C(=O)N2C)C,CC(=O)Oc1ccccc1C(=O)O,0
CC(=O)O,CCO,1
CC(=O)Oc1ccccc1C(=O)O,CC(C)Cc1ccc(cc1)C(C)C(=O)O,0
CC(=O)O,CCN(CC)CC,0
c1ccccc1,O=C(O)c1ccccc1O,0
CCO,CN1C=NC2=C1C(=O)N(C(=O)N2C)C,0
O=C(O)c1ccccc1O,CC(=O)O,0
c1ccccc1,CC(=O)O,0
CN1C=NC2=C1C(=O)N(C(=O)N2C)C,CC(=O)Oc1ccccc1C(=O)O,0
CC(=O)O,CC(=O)O,1
CC(=O)Oc1ccccc1C(=O)O,CCN(CC)CC,0
O=C(O)c1ccccc1O,CN1C=NC2=C1C(=O)N(C(=O)N2C)C,1
CC(C)Cc1ccc(cc1)C(C)C(=O)O,CC(C)Cc1ccc(cc1)C(C)C(=O)O,1
CCO,CN1C=NC2=C1C(=O)N(C(=O)N2C)C,0
CC(=O)Oc1ccccc1C(=O)O,CC(C)Cc1ccc(cc1)C(C)C(=O)O,0
CC(C)Cc1ccc(cc1)C(C)C(=O)O,CCN(CC)CC,0
CN1C=NC2=C1C(=O)N(C(=O)N2C)C,CCO,1
CC(C)Cc1ccc(cc1)C(C)C(=O)O,CCO,0
CC(=O)O,CC(C)Cc1ccc(cc1)C(C)C(=O)O,1
CC(=O)Oc1ccccc1C(=O)O,CCO,1
CCN(CC)CC,CC(=O)O,1
CC(=O)Oc1ccccc1C(=O)O,CN1C=NC2=C1C(=O)N(C(=O)N2C)C,1
O=C(O)c1ccccc1O,O=C(O)c1ccccc1O,0
CC(C)Cc1ccc(cc1)C(C)C(=O)O,O=C(O)c1ccccc1O,0
CC(=O)O,c1ccccc1,1
O=C(O)c1ccccc1O,CC(=O)Oc1ccccc1C(=O)O,1
CC(=O)Oc1ccccc1C(=O)O,c1ccccc1,0
CN1C=NC2=C1C(=O)N(C(=O)N2C)C,CN1C=NC2=C1C(=O)N(C(=O)N2C)C,0
CCO,CC(C)Cc1ccc(cc1)C(C)C(=O)O,1
CC(=O)Oc1ccccc1C(=O)O,O=C(O)c1ccccc1O,0
c1ccccc1,CCO,1
CC(C)Cc1ccc(cc1)C(C)C(=O)O,c1ccccc1,0
CC(=O)O,CCO,0
CC(C)Cc1ccc(cc1)C(C)C(=O)O,CC(=O)Oc1ccccc1C(=O)O,0
c1ccccc1,CCN(CC)CC,1
CC(=O)O,CCN(CC)CC,0
CC(=O)O,O=C(O)c1ccccc1O,1
CC(=O)O,CCO,1
CCO,CCO,0
CCO,CC(=O)O,0
CC(=O)O,c1ccccc1,1
CN1C=NC2=C1C(=O)N(C(=O)N2C)C,CC(=O)Oc1ccccc1C(=O)O,1
c1ccccc1,CC(C)Cc1ccc(cc1)C(C)C(=O)O,0
CCN(CC)CC,CCN(CC)CC,1
CC(C)Cc1ccc(cc1)C(C)C(=O)O,CC(=O)O,1
O=C(O)c1ccccc1O,CC(=O)O,0
CCN(CC)CC,CC(=O)O,0
c1ccccc1,O=C(O)c1ccccc1O,0
CC(=O)O,CC(=O)O,1
CCO,CC(C)Cc1ccc(cc1)C(C)C(=O)O,1
CN1C=NC2=C1C(=O)N(C(=O)N2C)C,CCO,1
CCN(CC)CC,CC(=O)Oc1ccccc1C(=O)O,1
CC(C)Cc1ccc(cc1)C(C)C(=O)O,CC(=O)Oc1ccccc1C(=O)O,0
c1ccccc1,CCN(CC)CC,0
O=C(O)c1ccccc1O,O=C(O)c1ccccc1O,0
CN1C=NC2=C1C(=O)N(C(=O)N2C)C,CC(=O)Oc1ccccc1C(=O)O,1
CC(=O)O,c1ccccc1,0
CN1C=NC2=C1C(=O)N(C(=O)N2C)C,O=C(O)c1ccccc1O,0
c1ccccc1,c1ccccc1,0
CCO,O=C(O)c1ccccc1O,1
CC(=O)O,CC(C)Cc1ccc(cc1)C(C)C(=O)O,0
CC(=O)O,c1ccccc1,0
CC(=O)O,CC(=O)O,0
CCO,CCO,1
CN1C=NC2=C1C(=O)N(C(=O)N2C)C,CC(=O)O,0
CCN(CC)CC,CCO,1
O=C(O)c1ccccc1O,CC(=O)O,1
CCN(CC)CC,CC(=O)O,1
CC(=O)O,CCO,1
c1ccccc1,CCO,0
CCN(CC)CC,O=C(O)c1ccccc1O,0
CN1C=NC2=C1C(=O)N(C(=O)N2C)C,O=C(O)c1ccccc1O,0
CN1C=NC2=C1C(=O)N(C(=O)N2C)C,CC(=O)Oc1ccccc1C(=O)O,1
c1ccccc1,O=C(O)c1ccccc1O,1
c1ccccc1,O=C(O)c1ccccc1O,0
CN1C=NC2=C1C(=O)N(C(=O)N2C)C,CCN(CC)CC,0
CC(=O)O,CCN(CC)CC,1
c1ccccc1,CCO,1
O=C(O)c1ccccc1O,CCO,1
CC(=O)O,O=C(O)c1ccccc1O,1
c1ccccc1,CC(C)Cc1ccc(cc1)C(C)C(=O)O,0
CC(=O)Oc1ccccc1C(=O)O,CC(=O)Oc1ccccc1C(=O)O,1
CCO,c1ccccc1,1
O=C(O)c1ccccc1O,CC(=O)O,1
