file,purpose,sha256,bytes,rows,columns,source,source_version_date,processing_script
data/frozen/cyp_atlas_full.csv,"Predicted CYP-inhibition atlas over IMPPAT (17,963 compounds)",fcfdf1eece65ac9fa9e2a31d3f7dc1bff40a0c16dcde9b7756fc548b24928e8c,2243649,17963,8,IMPPAT 2.0 structures scored by CYP-Atlas models,generated 2026,cyp-atlas/src/atlas.py
data/frozen/cyp_atlas_domain.csv,Atlas with max_train_tanimoto + in_domain_040 flags,3db1289badccbbac4a37972f98abcac5a4848630d751bd4fe9bb2abc641bba06,2384251,17963,10,cyp_atlas.csv + Tanimoto-to-training (ECFP4 2048-bit),generated 2026,cyp-atlas/src/domain_v2.py
data/frozen/cyp_atlas_indomain.csv,Primary deliverable: AD-filtered atlas (Tanimoto >= 0.40),3c3f7718b50a5f0fad3d255842121cb411bb61d8b48cd993816d2668ae467676,363178,2834,10,Subset of cyp_atlas_domain.csv,generated 2026,cyp-atlas/src/domain_v2.py
data/frozen/cyp_labels_T10.csv,CYP + P-gp training labels at IC50 <= 10 uM,3afc8669b9975d307fd2d1609a39fc6cd6879418564374389cc0996f7cbdf978,1017583,14637,7,ChEMBL v34 bioactivity,ChEMBL v34; retrieved 2026,cyp-atlas/src/fetch_cyp.py (or fetch_cyp_v2.py --threshold-um 10)
data/frozen/drug_cyp.csv,Drug -> CYP/P-gp route lookup,a75e8ea60012b34a6a8acb15ba77b7f945d886b911f53e55a9aa425a22204b74,282,13,2,manually curated,generated 2026,static
data/frozen/hdi_seed_original.csv,"Original curated HDI seed (12 constituents, 13 drugs, 55 pairs)",9e7f281a4f12dd5bd1ef4b9ee9fec083971ac962a345618308d2edfc612e85a4,13558,55,7,literature-curated with PMIDs,generated 2026,static
data/frozen/hdi_seed_expanded.csv,"Expanded curated HDI seed (32 constituents, 50 pairs)",6957c6fb47df42239888a32c07c42762e160e4fb6cfa6d16f8b748d48fce3028,9368,51,7,literature-curated with PMIDs; includes distant-from-training chemistry,generated 2026,static
data/frozen/metrics_full.csv,"CYP OOF metrics with CI, PR-AUC, MCC, sens/spec, Brier",92da5d727bf3dd1dbc875327573af797389e11533645ecb93f98b5da069fe741,407,5,10,revision_analysis.py / revision_v2.py,generated 2026,cyp-atlas/src/revision_analysis.py
data/frozen/metrics_threshold.csv,CYP AUROC at IC50 thresholds 1/5/10 uM (sensitivity analysis),e19d8d26500d9dc8a44ec7b734f1bd5bd980a76b00f8c95db77846d987c608ba,749,15,7,revision_v2.py block A,generated 2026,cyp-atlas/src/revision_v2.py
data/frozen/pgp_inhibitor_only.csv,P-gp model restricted to inhibition assays (assay_type=B),e439a6aeca2e51adbeecc2612d5f301e811e282e6fa7663292cf205243ad6355,98,1,6,fetch_cyp_v2.py + revision_v2.py block E,generated 2026,cyp-atlas/src/revision_v2.py
data/frozen/ad_sweep.csv,In-domain fraction across Tanimoto cutoffs 0.20..0.50,945799e193823d205d16aa85a65556c078ff877391eea76d8c0e1a2be2daff4f,223,5,5,domain_v2.py,generated 2026,cyp-atlas/src/domain_v2.py
data/frozen/hdi_negsample_robustness.csv,HDI AUROC under 3 negative-sampling strategies (bootstrap CI),304c2e9f7999a9340024a50c3ba851eea747fa4d386c5f748a9beec2409a8e47,218,3,7,revision_v2.py block B,generated 2026,cyp-atlas/src/revision_v2.py
data/frozen/hdi_distant_only.csv,HDI AUROC on constituents with Tanimoto<0.4 to training,7f472001c57134e0a0f4ccf9effa58b1a1ae08fc657f273bec3cfadf4b20c466,264,3,8,revision_v2.py block C,generated 2026,cyp-atlas/src/revision_v2.py
data/frozen/hdi_route_weighted.csv,HDI AUROC under max vs mean route-aggregation rules,8ae81ef7559f6cbe88336b168a1deb219fce0dfb1e12c92ea5db731f7d3794d4,86,2,4,revision_v2.py block D,generated 2026,cyp-atlas/src/revision_v2.py
data/frozen/validate_overall.csv,"Headline HDI validation (3 strategies x 2 rules, PGP route included)",b07e8510e11fcade14d5b1cb14cf93f3856faee946d505b2c8b8f784bc16c90e,388,6,8,validate_available.py,generated 2026,cyp-atlas/src/validate_available.py
data/frozen/validate_per_isoform.csv,Per-isoform subset AUROC (isoform-only scoring),918b305a6feec71adfdc9dbefb4689888b6027f52245fb03074f85c2085a6437,192,5,5,validate_available.py,generated 2026,cyp-atlas/src/validate_available.py
data/frozen/validate_per_drug.csv,Per-drug ranking AUROC inside each drug,c7f430f8ff1836a900c4e016f6b13db3e3a7fb1a30d2578a0caa0657127b843a,2123,60,6,validate_available.py,generated 2026,cyp-atlas/src/validate_available.py
