threshold_uM,enzyme,n,positives,AUROC,AUROC_95CI,PR_AUC
1.0,CYP1A2,4550,663,0.923,0.911-0.935,0.768
1.0,CYP2C9,5937,502,0.864,0.846-0.883,0.548
1.0,CYP2C19,3785,266,0.829,0.802-0.857,0.436
1.0,CYP2D6,6804,825,0.889,0.875-0.901,0.625
1.0,CYP3A4,9919,1396,0.911,0.901-0.919,0.734
5.0,CYP1A2,4550,1128,0.922,0.912-0.932,0.848
5.0,CYP2C9,5937,1474,0.848,0.836-0.860,0.699
5.0,CYP2C19,3785,763,0.843,0.826-0.859,0.657
5.0,CYP2D6,6804,1692,0.885,0.875-0.895,0.775
5.0,CYP3A4,9919,3055,0.876,0.868-0.883,0.794
10.0,CYP1A2,4550,2354,0.905,0.896-0.913,0.92
10.0,CYP2C9,5937,3026,0.867,0.858-0.876,0.882
10.0,CYP2C19,3785,1890,0.862,0.850-0.873,0.879
10.0,CYP2D6,6804,3381,0.895,0.888-0.903,0.903
10.0,CYP3A4,9919,5401,0.882,0.876-0.889,0.904
